Number,Category,Description,StartDate,StartTime,EndDate,EndTime
1,nan,nan,2023-04-10,17:08:07,nan,nan
2,nan,nan,2023-04-10,17:08:07,2023-04-10,17:08:10
3,nanjnjn,nan,2023-04-10,17:10:30,nan,nan
4,nanjnjn,nan,2023-04-10,17:10:30,2023-04-10,17:10:31
5,nanjnjn,nan,2023-04-10,17:10:31,2023-04-10,17:10:32
6,nanjnjn,nan,2023-04-10,17:10:33,2023-04-10,17:10:33
7,nanjnjn,nan,2023-04-10,17:10:33,2023-04-10,17:10:34
8,cxz,nan,2023-04-10,17:10:34,2023-04-10,17:10:34
9,cxz,nan,2023-04-10,17:34:56,nan,nan
10,cxz,nan,2023-04-10,17:34:57,nan,nan
11,cxz,nan,2023-04-10,17:34:57,nan,nan
12,jalal,nan,2023-04-10,17:35:13,nan,nan
